{
  "test_suite": "LAYER 2 (ADAPTIVE CONTEXT) RIGOROUS TESTING",
  "timestamp": "2025-07-11T18:33:20.641605",
  "total_tests": 6,
  "passed_tests": 5,
  "failed_tests": 1,
  "success_rate_percentage": 83.33333333333334,
  "overall_status": "FAILED",
  "detailed_results": {
    "transformer_encoding": {
      "status": "PASSED",
      "duration_seconds": 0.1355431079864502,
      "results": {
        "basic_encoding_success": true,
        "encoding_time_ms": 36.5557000041008,
        "embedding_shape": [
          1,
          64
        ],
        "confidence_value": 0.949999988079071,
        "embedding_magnitude": 8.397525787353516,
        "multi_session_encoding": {
          "normal_session": {
            "success": true,
            "processing_time_ms": 21.147399995243177,
            "confidence": 0.949999988079071,
            "embedding_norm": 6.913450717926025
          },
          "stressed_session": {
            "success": true,
            "processing_time_ms": 20.756500016432256,
            "confidence": 0.949999988079071,
            "embedding_norm": 8.497840881347656
          },
          "hurried_session": {
            "success": true,
            "processing_time_ms": 20.62980001210235,
            "confidence": 0.949999988079071,
            "embedding_norm": 7.7325520515441895
          },
          "fraud_session": {
            "success": true,
            "processing_time_ms": 20.81489999545738,
            "confidence": 0.9157610535621643,
            "embedding_norm": 8.293041229248047
          }
        },
        "avg_encoding_time_ms": 20.83715000480879,
        "meets_performance_target": "True"
      }
    },
    "gnn_analysis": {
      "status": "PASSED",
      "duration_seconds": 0.08465933799743652,
      "results": {
        "basic_gnn_success": true,
        "gnn_processing_time_ms": 15.88719998835586,
        "anomaly_score": 0.8842105269432068,
        "multi_session_gnn": {
          "normal_session": {
            "success": true,
            "processing_time_ms": 15.209900011541322,
            "anomaly_score": 0.8842105269432068,
            "num_nodes": 20,
            "num_edges": 22
          },
          "stressed_session": {
            "success": true,
            "processing_time_ms": 15.594900003634393,
            "anomaly_score": 0.8842105269432068,
            "num_nodes": 20,
            "num_edges": 22
          },
          "hurried_session": {
            "success": true,
            "processing_time_ms": 16.361899994080886,
            "anomaly_score": 0.8476190567016602,
            "num_nodes": 15,
            "num_edges": 16
          },
          "fraud_session": {
            "success": true,
            "processing_time_ms": 15.335600008256733,
            "anomaly_score": 0.9066666960716248,
            "num_nodes": 25,
            "num_edges": 28
          }
        },
        "anomaly_detection_working": true,
        "fraud_anomaly_score": 0.9066666960716248,
        "normal_anomaly_score": 0.8842105269432068,
        "avg_gnn_time_ms": 15.625575004378334,
        "max_gnn_time_ms": 16.361899994080886,
        "gnn_meets_performance_target": "True"
      }
    },
    "contextual_adaptation": {
      "status": "PASSED",
      "duration_seconds": 0.06372761726379395,
      "results": {
        "context_adaptation": {
          "low_risk": {
            "success": true,
            "confidence": 0.949999988079071,
            "processing_time_ms": 20.445600006496534,
            "embedding_norm": 7.234214782714844
          },
          "medium_risk": {
            "success": true,
            "confidence": 0.949999988079071,
            "processing_time_ms": 20.314800000051036,
            "embedding_norm": 6.709498405456543
          },
          "high_risk": {
            "success": true,
            "confidence": 0.949999988079071,
            "processing_time_ms": 20.756400015670806,
            "embedding_norm": 8.142963409423828
          }
        },
        "confidence_adapts_to_risk": false,
        "confidence_variance": 0.0
      }
    },
    "performance_requirements": {
      "status": "PASSED",
      "duration_seconds": 0.7293248176574707,
      "results": {
        "total_iterations": 20,
        "avg_analysis_time_ms": 36.27888999617426,
        "p50_analysis_time_ms": 36.339500002213754,
        "p95_analysis_time_ms": 36.66368000995135,
        "p99_analysis_time_ms": 36.78193600353552,
        "max_analysis_time_ms": 36.81150000193156,
        "min_analysis_time_ms": 35.75579999596812,
        "meets_80ms_target": "True",
        "p95_meets_80ms_target": "True",
        "all_under_100ms": "True"
      }
    },
    "edge_cases_robustness": {
      "status": "PASSED",
      "duration_seconds": 0.09198164939880371,
      "results": {
        "empty_session_handled": true,
        "empty_session_confidence": 0.949999988079071,
        "extreme_values_handled": true,
        "extreme_values_confidence": 0.949999988079071,
        "long_session_handled": true,
        "long_session_time_ms": 20.52039999398403,
        "long_session_under_limit": true,
        "disconnected_graph_handled": true
      }
    },
    "adversarial_scenarios": {
      "status": "FAILED",
      "duration_seconds": 0.29455113410949707,
      "error": "Should detect context manipulation"
    }
  },
  "performance_summary": {
    "avg_transformer_time_ms": 20.83715000480879,
    "avg_gnn_time_ms": 15.625575004378334,
    "avg_total_analysis_time_ms": 36.27888999617426
  }
}