{
  "cluster_labels": [
    0,
    1,
    2,
    3
  ],
  "n_clusters": 4,
  "created_at": "2025-07-20T13:58:45.242995",
  "vector_dim": 48,
  "cluster_centroids": [
    [
      0.601951894015275,
      0.692749852058657,
      0.537686465285869,
      0.549785890316832,
      0.880882129343736,
      0.590901241144881,
      0.532309233607312,
      0.5,
      0.5,
      0.501203876896488,
      0.609425875864285,
      0.999992286819984,
      0.999999910910899,
      0.999999997938846,
      0.728938717639219,
      0.774361096363746,
      0.83297717684337,
      0.619942122666928,
      0.500674418858416,
      0.498933780155609,
      0.501562457387755,
      0.503029596019778,
      0.501067498029644,
      0.503029596019778,
      0.880796120810776,
      0.500002279111012,
      0.709711938156287,
      0.545845477781977,
      0.777299861174691,
      0.999619086395,
      0.550876141282078,
      0.500059132002098,
      0.998714087556607,
      0.720913919478918,
      0.87756410499466,
      0.549684435972043,
      0.999999997938846,
      0.5,
      0.927434831802602,
      0.795172716436659,
      0.796107456170319,
      0.512893966018398,
      0.594688950169243,
      0.517849554406135,
      0.500011954362115,
      0.502916623491377,
      0.500011954362115,
      0.841786514075162
    ],
    [
      0.5985344471868117,
      0.697407394959085,
      0.5359553318946539,
      0.551157339618106,
      0.8822653178770308,
      0.5935096197057832,
      0.5318734165817585,
      0.5,
      0.5,
      0.5003888436497115,
      0.5842516814922902,
      0.9999904785029841,
      0.999999901874044,
      0.999999997748788,
      0.7245987846886102,
      0.7461187643517255,
      0.834870422321107,
      0.6149932300392468,
      0.5007803268811385,
      0.499048083052259,
      0.50156935122889,
      0.5029872549919935,
      0.501110543036737,
      0.5029872549919935,
      0.8807960402870005,
      0.5000024708464534,
      0.7205371348282316,
      0.5508755690034872,
      0.7296406964917955,
      0.9993588344655377,
      0.5682339897482482,
      0.5000486952687345,
      0.9983994411555003,
      0.7189617314061587,
      0.8778953638550238,
      0.542052970529997,
      0.999999997938846,
      0.5,
      0.9173964588100575,
      0.795898711131572,
      0.785006738002282,
      0.508688039513196,
      0.592447347664889,
      0.5233030022684968,
      0.5000034391538966,
      0.5007716028045562,
      0.5000034391538966,
      0.8295847386549212
    ],
    [
      0.5998431052755907,
      0.7014574349016643,
      0.5364419417331777,
      0.5524398979998663,
      0.880347459761305,
      0.5932351123478083,
      0.5317786385527117,
      0.5,
      0.5,
      0.500197532545543,
      0.6072495687233064,
      0.9999905008659387,
      0.9999999080865684,
      0.9999999978289976,
      0.7601632159255624,
      0.786740279882453,
      0.8174612246712243,
      0.6611108310463284,
      0.5005975066687237,
      0.49888144480420865,
      0.5015830397411204,
      0.503034963896772,
      0.5010849554514667,
      0.503034963896772,
      0.8807960853341773,
      0.500002363584495,
      0.7123446732756954,
      0.555807823013011,
      0.6823553895646427,
      0.9999790191730377,
      0.5916244651620407,
      0.5000417386066933,
      0.9984041407393783,
      0.7265557216821237,
      0.8780272491798047,
      0.5468099277721773,
      0.999999997938846,
      0.5,
      0.9059867676234413,
      0.7930647162250923,
      0.7868946286449623,
      0.5129194840747566,
      0.604313710510428,
      0.5191494927427394,
      0.50000189342672,
      0.5004231552961377,
      0.50000189342672,
      0.8384890907668354
    ],
    [
      0.603397099099507,
      0.691657066372668,
      0.5361124229992055,
      0.5472861992207605,
      0.8788338387925655,
      0.5949689464248655,
      0.5315372450878015,
      0.5,
      0.5,
      0.5003119264396979,
      0.5902683259478655,
      0.999991066685608,
      0.9999999109634955,
      0.9999999978835385,
      0.7304950176078935,
      0.7606087614992425,
      0.831959950098433,
      0.6227109372695541,
      0.5003124134505941,
      0.4989343208705545,
      0.5014873153954276,
      0.5028920253315935,
      0.5009793032712064,
      0.5028920253315935,
      0.8807962652896519,
      0.5000019350920425,
      0.7040857506183416,
      0.557486318548588,
      0.6753654249467149,
      0.9991924286455536,
      0.551417840769845,
      0.5000378448332514,
      0.998678683472831,
      0.7548790535249585,
      0.8775392476999454,
      0.5523480059081189,
      0.999999997938846,
      0.5,
      0.93105018822668,
      0.782436875196966,
      0.7946975286567075,
      0.508927622509276,
      0.5805887282513675,
      0.5270203762237655,
      0.5000027822989385,
      0.500631943180564,
      0.5000027822989385,
      0.828008911888516
    ]
  ]
}