{
  "cluster_labels": [
    0,
    1,
    2
  ],
  "n_clusters": 3,
  "created_at": "2025-07-19T22:59:39.511912",
  "vector_dim": 48,
  "cluster_centroids": [
    [
      0.60258765523494,
      0.689870654870767,
      0.536475016944029,
      0.546101157304148,
      0.880116779365841,
      0.597508670045344,
      0.531334713970315,
      0.5,
      0.5,
      0.500486120435529,
      0.609150557400861,
      0.999990236274066,
      0.999999906809467,
      0.999999997828231,
      0.714673672712328,
      0.744477375496529,
      0.839139880615836,
      0.603851397344258,
      0.500141884325886,
      0.499030853971217,
      0.501521307732065,
      0.502905426701081,
      0.500887061519399,
      0.502905426701081,
      0.880796417039735,
      0.500001573759581,
      0.716122917410678,
      0.554273340517069,
      0.689974481127613,
      0.998554799780073,
      0.535366242229421,
      0.500042098967461,
      0.998891379298323,
      0.738890315775371,
      0.877224641133072,
      0.55420787222155,
      0.999999997938846,
      0.5,
      0.924774442172123,
      0.788465251029594,
      0.795462235570862,
      0.508927622509276,
      0.583119612596732,
      0.526291517393018,
      0.500004348908925,
      0.500972219828817,
      0.500004348908925,
      0.82217668876075
    ],
    [
      0.5976848299069202,
      0.7003183373931022,
      0.5360447557300078,
      0.5523506911196437,
      0.8827789023500783,
      0.5937951222749173,
      0.5325242865697583,
      0.5,
      0.5,
      0.5003989294930036,
      0.5788043100479503,
      0.9999905431791117,
      0.9999999010739078,
      0.9999999977434589,
      0.7346863239037305,
      0.7543016798139845,
      0.8300160084064485,
      0.6278304768810763,
      0.5007520056404975,
      0.4990386902041065,
      0.501483855451248,
      0.5029439699851534,
      0.501116655016796,
      0.5029439699851534,
      0.8807960294532463,
      0.5000024966427374,
      0.716264098458413,
      0.5525473165564375,
      0.7130253430867735,
      0.9998232912049875,
      0.5753905108201065,
      0.5000459983036728,
      0.99841763231636,
      0.7235489237934827,
      0.8777704058858883,
      0.5457929824941188,
      0.999999997938846,
      0.5,
      0.9161426799287647,
      0.7941865752305908,
      0.7877138139142235,
      0.509189747920894,
      0.6006534911818973,
      0.5205860441757207,
      0.5000036696419385,
      0.5008129800259025,
      0.5000036696419385,
      0.8333155983107156
    ],
    [
      0.601951894015275,
      0.692749852058657,
      0.537686465285869,
      0.549785890316832,
      0.880882129343736,
      0.590901241144881,
      0.532309233607312,
      0.5,
      0.5,
      0.501203876896488,
      0.609425875864285,
      0.999992286819984,
      0.999999910910899,
      0.999999997938846,
      0.728938717639219,
      0.774361096363746,
      0.83297717684337,
      0.619942122666928,
      0.500674418858416,
      0.498933780155609,
      0.501562457387755,
      0.503029596019778,
      0.501067498029644,
      0.503029596019778,
      0.880796120810776,
      0.500002279111012,
      0.709711938156287,
      0.545845477781977,
      0.777299861174691,
      0.999619086395,
      0.550876141282078,
      0.500059132002098,
      0.998714087556607,
      0.720913919478918,
      0.87756410499466,
      0.549684435972043,
      0.999999997938846,
      0.5,
      0.927434831802602,
      0.795172716436659,
      0.796107456170319,
      0.512893966018398,
      0.594688950169243,
      0.517849554406135,
      0.500011954362115,
      0.502916623491377,
      0.500011954362115,
      0.841786514075162
    ]
  ]
}